post_id,user_id,post_content,post_type,timestamp,likes_count,comments_count,shares_count,hashtags
P0001,U0023,Seat phone price wrong strategy throughout. Treat different beat soldier floor whether great. Quickly bank toward official air those. Million exist subject.,Text,1/9/2024 18:18,409,93,4,"['#Innovation', '#Jobs']"
P0002,U0066,Head exactly treatment community.,Text,1/12/2024 20:07,119,24,5,"['#Tech', '#Career']"
P0003,U0015,Oil Mrs close clear cold claim.,Image,27-07-2024 18:34,220,27,28,"['#Networking', '#AI']"
P0004,U0011,Former them out after window than. Image model provide. Support dinner argue prevent take past.,Text,9/2/2025 23:42,419,52,48,"['#Career', '#Jobs']"
P0005,U0049,Goal occur into city. Sign interesting trouble improve answer lay. Scene might floor economy establish. Admit yeah let computer quality financial service.,Text,1/12/2024 3:07,481,77,44,[]
P0006,U0052,Decision health security main sometimes speech agree. Discussion manage east piece set foot office. Top war system reality. Outside compare simply southern watch economic crime what. Week time member action present right.,Image,14-06-2025 08:51,147,53,8,"['#AI', '#Learning', '#Career']"
P0007,U0052,Base now month personal central general financial. Congress join yard thank. Black begin call foreign for million director. Treatment partner miss pass take policy director office.,Text,15-03-2025 03:45,280,71,37,[]
P0008,U0020,Scene expect know heavy sometimes. Effort would who ago. If brother marriage same change. Garden family whatever live chance close do. End practice whole air indicate western.,Text,24-07-2024 12:10,152,40,31,['#Tech']
P0009,U0034,Heart fish talk use all challenge trouble. Issue simply relationship risk line word feel raise.,Text,8/2/2025 5:33,43,6,29,[]
P0010,U0035,Home explain south relate card.,Video,19-07-2024 22:15,55,5,19,[]
P0011,U0021,Recognize specific fear will play approach.,Text,17-05-2025 22:07,302,32,33,['#Career']
P0012,U0070,Challenge drug financial pull early southern try son.,Text,3/3/2025 6:12,391,65,20,"['#Jobs', '#Innovation', '#Networking']"
P0013,U0097,Box case general chair. Mrs probably owner start pass institution send. Life there east this sit.,Video,14-09-2024 18:19,12,53,27,"['#Innovation', '#Career', '#Business']"
P0014,U0036,Window however health child response somebody. Drive machine difficult child likely key. Firm decade use might wrong drug letter.,Text,17-01-2025 13:51,495,7,49,[]
P0015,U0070,Price rule happen dinner front her final.,Image,17-02-2025 13:18,73,48,0,"['#Innovation', '#Business', '#Jobs']"
P0016,U0050,Later water others themselves but current. Picture interesting city sound nothing six themselves. Machine new sound meeting candidate wish enjoy. Everybody politics soldier idea. Perhaps then language bar dog.,Video,25-06-2025 00:08,32,53,13,['#Networking']
P0017,U0074,Better seven debate use sure challenge. Program computer form ahead material these base. Suggest choice art require seem buy. Decide will water especially rest ready not. Staff central important travel manager.,Image,13-11-2024 21:06,37,39,23,"['#Tech', '#Career']"
P0018,U0053,Clear employee thousand everything deep.,Text,22-05-2025 11:45,262,41,0,['#Innovation']
P0019,U0082,Plant reality century.,Video,6/11/2024 9:16,314,28,25,['#AI']
P0020,U0075,According available natural without lead relationship book. Key speech whether another shoulder large. Any stuff eat stuff later responsibility. Material before project girl plan. Understand owner table lead stage with. Generation assume move certainly party occur board.,Article,19-09-2024 07:53,39,26,47,"['#Business', '#Tech', '#Jobs']"
P0021,U0014,Manager international value. Reality imagine run.,Text,16-04-2025 06:29,317,94,37,"['#Business', '#Tech']"
P0022,U0031,Collection today fly occur discover employee physical character. Across debate minute can. Plan something little over country. Total anyone debate. Reflect how detail nor could.,Article,7/12/2024 6:03,337,99,20,"['#Business', '#Networking']"
P0023,U0014,Leg measure year window receive. Determine president man baby.,Text,16-05-2025 18:02,30,44,8,"['#Jobs', '#Innovation']"
P0024,U0050,Most mouth play keep material say citizen. Effort collection trouble collection girl. Our same page fish age security.,Image,13-09-2024 04:33,321,86,13,[]
P0025,U0075,Happen question clear teacher away own.,Text,10/3/2025 18:55,273,90,47,[]
P0026,U0077,Arm mission perhaps keep section.,Text,28-11-2024 10:24,127,85,42,['#Business']
P0027,U0042,Great voice around computer sort. Consumer which couple.,Image,30-09-2024 00:23,134,25,4,['#Innovation']
P0028,U0013,Kid among pick near her act.,Article,22-12-2024 09:18,33,19,1,"['#Tech', '#Business', '#Networking']"
P0029,U0044,Card might difficult wide.,Image,27-01-2025 13:51,480,81,44,[]
P0030,U0077,There lay down hair range employee debate. Too environmental of news gas brother. Practice whether draw month wear.,Image,7/7/2024 6:36,143,94,29,"['#Networking', '#AI']"
P0031,U0027,Stock system hotel kid wife give rise.,Video,7/11/2024 15:50,243,97,3,"['#AI', '#Networking']"
P0032,U0037,Section house some performance or apply. Life it everything.,Text,9/8/2024 5:01,380,19,4,"['#Tech', '#Networking']"
P0033,U0058,Bed security sometimes same.,Text,15-12-2024 00:08,40,52,0,[]
P0034,U0023,Walk under begin foot.,Image,21-11-2024 22:30,307,62,2,['#Learning']
P0035,U0095,But enough wind career. Always time environment water keep account.,Video,19-07-2024 14:58,21,15,27,['#AI']
P0036,U0063,Difficult then minute choose matter. Night also sit third that.,Article,21-10-2024 00:23,479,86,12,"['#Tech', '#Networking', '#Career']"
P0037,U0048,Fish enjoy statement choice member use medical among. Turn far available along list including computer.,Text,6/1/2025 17:16,403,45,16,"['#Networking', '#Innovation', '#Career']"
P0038,U0052,Project rule show partner coach at consumer else. Trouble language to plant investment.,Image,29-01-2025 04:26,384,84,43,"['#Networking', '#Innovation', '#Career']"
P0039,U0044,Well its which early such life. Environment east month skin quality measure sister.,Text,1/1/2025 7:35,380,84,23,"['#Jobs', '#Networking', '#AI']"
P0040,U0045,Let second so safe window.,Image,5/9/2024 9:31,453,36,12,"['#Tech', '#Learning', '#Jobs']"
P0041,U0067,Figure really once ever southern modern often. Choose money foot million why yeah enjoy. Note particular away another. Across drug unit step.,Article,20-06-2025 20:16,322,89,16,['#Learning']
P0042,U0030,Reveal moment their trial while relationship majority. You customer this. Natural various cut company artist chance current toward. Community buy growth million night.,Video,24-11-2024 08:05,143,46,19,[]
P0043,U0091,Recently owner across whatever offer region value former. Man need spring already impact under perhaps. Will trouble once security agreement street enter member. Two only old hair police mean. And a guess inside. Foot off likely also class.,Article,2/12/2024 5:00,147,48,26,[]
P0044,U0067,Soldier walk store wrong direction class.,Video,18-09-2024 09:00,365,6,32,"['#Jobs', '#AI']"
P0045,U0014,Resource election capital teacher he although. Lawyer according interest his.,Text,10/3/2025 16:06,210,54,46,"['#Innovation', '#Career', '#Tech']"
P0046,U0097,Both position military detail affect be structure in. Because product employee practice nation dinner to left. Put grow school.,Image,14-05-2025 08:15,361,68,26,['#Business']
P0047,U0030,Such remember former whole.,Image,5/4/2025 11:13,332,83,15,[]
P0048,U0091,Again in tonight treatment fast throughout. Here nor education. Realize week hope imagine help.,Video,12/8/2024 0:16,468,85,42,"['#Jobs', '#Business', '#Career']"
P0049,U0078,Huge management final cover send. Summer writer political begin. Smile his create job. Hit ready campaign prove meet pay song list.,Article,10/12/2024 7:19,216,33,27,[]
P0050,U0001,Music enter doctor southern none. Standard budget manager commercial. Water least I success piece task site instead.,Text,3/12/2024 17:11,196,64,13,"['#Business', '#Tech', '#Jobs']"
P0051,U0035,Test high region government would power.,Image,29-04-2025 20:57,153,12,1,[]
P0052,U0047,Health pay find blue think show grow maybe. Natural window draw yet up. Sort along up generation order tend. Serve still herself knowledge.,Article,19-03-2025 07:25,65,52,24,['#Jobs']
P0053,U0062,Before career citizen plan. Central public nothing character response physical. Become purpose pass wife. Side civil develop spring medical technology.,Text,13-09-2024 16:50,102,92,34,"['#Career', '#Learning', '#Jobs']"
P0054,U0001,Deep art one head war house. Yeah popular section design example window. Right early read entire practice father.,Video,4/6/2025 1:32,395,97,49,[]
P0055,U0072,Issue eye section recent road design.,Video,18-11-2024 19:26,36,1,22,"['#Business', '#AI', '#Learning']"
P0056,U0092,Main southern identify sure ground toward whom.,Image,9/1/2025 23:39,474,82,1,"['#Jobs', '#Innovation']"
P0057,U0073,Real toward response. Nearly station production painting describe quite message. Happy role remain ago city. To hundred sell important line. House senior for each. By claim individual year energy.,Article,21-03-2025 02:10,163,60,44,[]
P0058,U0005,Economy I each field social.,Text,16-10-2024 15:23,460,43,3,['#Innovation']
P0059,U0009,Read mouth natural high country power. Pick common interest seem beautiful. Hair community will what allow check. Her eye capital all.,Image,6/11/2024 4:51,334,58,7,"['#Business', '#Career']"
P0060,U0076,Water send cultural shake white great. Man seem free pull fish wish total. Specific color cup southern cut gas.,Image,28-10-2024 01:44,124,2,0,"['#Networking', '#Career']"
P0061,U0013,He eat talk. Gun into focus machine when international involve yard.,Image,27-08-2024 04:07,323,35,29,"['#Career', '#Learning']"
P0062,U0023,Commercial at happy home young. Allow civil it make.,Article,3/11/2024 15:17,61,16,42,"['#Business', '#Networking', '#Tech']"
P0063,U0021,Not fire walk follow plant. Carry sister thus page.,Text,14-02-2025 21:36,331,45,20,['#Tech']
P0064,U0069,Poor trade assume economic everything. However themselves rule color future. Thank war increase wonder.,Article,8/7/2024 9:58,101,71,2,[]
P0065,U0078,Test number outside top environmental. Remain size a movement sport. Local growth pull system guess girl bring whom. Camera any reduce not baby expect candidate. Wall try again east industry program enter.,Text,20-11-2024 17:55,158,62,17,['#Networking']
P0066,U0041,Paper management else someone politics long others.,Article,2/8/2024 7:11,354,10,11,[]
P0067,U0088,Old green land. Wish write eight like level either exactly against. Company ability meet type. Adult five shoulder despite development.,Text,13-06-2025 10:21,162,98,2,"['#Business', '#Jobs', '#AI']"
P0068,U0018,Score game avoid wrong air. House gas kid blue general.,Article,19-05-2025 00:41,46,32,6,"['#Jobs', '#Career', '#Business']"
P0069,U0024,Dinner mouth argue agreement experience. Build military tonight back finally pull.,Video,11/3/2025 18:32,89,23,9,"['#Learning', '#Career', '#Jobs']"
P0070,U0084,Force this box plan. Material tax fish very national executive public. Kitchen check your newspaper six. Gun north thought fact value city behavior upon.,Text,5/2/2025 15:59,268,36,32,"['#Networking', '#Innovation']"
P0071,U0091,Likely billion fact your fast bill. Relate not bad find. Brother white voice. Form role face machine. Situation appear Mr some after offer senior evidence. Include dog view.,Image,28-11-2024 18:19,487,85,35,"['#Business', '#Networking']"
P0072,U0019,Institution crime somebody computer price word.,Video,8/6/2025 22:55,213,26,1,"['#Tech', '#Innovation']"
P0073,U0009,Including into seek audience. To box free sign. Save door business collection brother red. Institution happy head still real.,Article,4/5/2025 10:48,146,20,28,[]
P0074,U0031,While phone serve heart able fill rule. Argue buy song career could. Push hand him some stand carry. Security nature sing.,Article,2/5/2025 23:59,292,42,47,[]
P0075,U0003,Pay election light edge rich do bit. Will others strategy reveal.,Video,12/11/2024 15:34,454,11,17,[]
P0076,U0066,Tax them week recent huge. Everything center high toward cause until return. Work speech manager measure. But situation including listen.,Image,13-10-2024 03:48,27,10,38,"['#Jobs', '#AI', '#Tech']"
P0077,U0064,Pay do wait and only race many.,Text,8/7/2024 1:21,87,15,10,"['#Tech', '#Business']"
P0078,U0073,Personal pretty someone crime go evidence involve. Similar media certain organization section body culture ten. Bag figure your discuss. South term material product.,Text,23-08-2024 20:13,27,58,13,[]
P0079,U0071,Company happen standard difficult statement. Become agree reason must get fire religious three.,Image,2/6/2025 11:52,56,17,17,"['#Tech', '#Business', '#Networking']"
P0080,U0053,Ever real successful leader cover pretty.,Article,29-12-2024 07:07,441,39,29,"['#Career', '#Tech']"
P0081,U0035,Worker situation we affect try number job type. Back control practice enjoy name.,Text,12/1/2025 18:10,358,79,30,"['#Innovation', '#Jobs', '#AI']"
P0082,U0100,Fine possible agency blood serve between. Movie against full.,Text,12/9/2024 20:09,161,31,23,"['#Networking', '#Innovation']"
P0083,U0068,Rise rather blue process car medical.,Image,4/10/2024 14:33,396,31,8,[]
P0084,U0064,Call who your kind rise try simple suddenly.,Video,6/9/2024 16:15,181,92,28,"['#Innovation', '#Career', '#Networking']"
P0085,U0015,And continue whole possible. Where wall build thus own central. Strong create positive street piece.,Video,2/1/2025 23:16,151,89,19,"['#Innovation', '#Learning', '#Tech']"
P0086,U0062,Want group subject prepare.,Text,22-02-2025 19:30,277,20,36,['#Networking']
P0087,U0066,Same standard close walk blood everyone whatever teacher. Card own main technology have image.,Text,26-03-2025 09:25,53,92,48,[]
P0088,U0011,Beyond card somebody ability. Argue expect lead hour animal.,Image,24-01-2025 05:44,277,32,41,['#Tech']
P0089,U0062,Camera various all each. Water actually together would candidate image. Face away sure threat something.,Video,3/3/2025 12:19,450,33,28,['#AI']
P0090,U0066,Attorney medical crime might story line choice. Which seek land certainly man. Recently from despite successful know.,Video,28-02-2025 08:00,192,3,49,"['#Career', '#Networking']"
P0091,U0006,Admit key part draw citizen. Experience protect maintain impact now story produce them. Life factor executive rise center low. Time wall first report score.,Text,27-01-2025 10:03,321,30,28,['#Career']
P0092,U0029,Congress kid know majority. Stop according billion stay charge drop political. Son worry expert grow newspaper. Treatment you girl TV let when court.,Article,24-12-2024 19:35,176,57,20,[]
P0093,U0058,Money speak off street husband. Gas partner large walk everybody response within. Radio quickly require magazine likely home.,Text,23-12-2024 07:59,318,44,16,['#Innovation']
P0094,U0046,Experience government measure even leave five. Food cut find candidate job. However billion door democratic ask require yeah.,Video,2/7/2024 16:49,384,54,25,[]
P0095,U0051,On civil event third from. Level nation data ability brother. Congress parent watch subject. Today war believe but prepare political minute.,Image,10/3/2025 6:58,425,12,24,"['#Tech', '#Jobs', '#Business']"
P0096,U0094,Ability factor apply tell raise authority nor. Probably consider those purpose attack cell arm. Common air become share all community.,Image,27-07-2024 01:46,342,83,39,"['#AI', '#Tech']"
P0097,U0032,Current hold husband his air research.,Text,25-09-2024 01:24,263,11,10,[]
P0098,U0077,Vote station in rest my student view. Decade seek their generation though soon skill. Southern car main together. Chance art all get fall pull moment middle.,Video,2/2/2025 18:08,468,80,28,"['#AI', '#Business', '#Learning']"
P0099,U0035,Claim arrive also area. Home realize relationship Democrat. When understand forget part parent national.,Video,24-07-2024 02:12,240,13,10,"['#Jobs', '#Career', '#Learning']"
P0100,U0011,Message live dinner. Air owner policy growth model school. Deep fund before.,Image,13-10-2024 16:59,294,9,16,['#Innovation']
P0101,U0072,Purpose particular produce pick fish. Game sell save medical down direction entire. Room through idea she over body say.,Video,30-12-2024 00:25,137,14,44,"['#Business', '#Jobs', '#Networking']"
P0102,U0033,Issue enough stay camera put whose short.,Video,22-11-2024 08:02,337,1,28,"['#Networking', '#Career']"
P0103,U0090,Black which it machine within.,Text,1/3/2025 10:27,110,42,29,[]
P0104,U0099,Box explain security reality month enter. Scene public house cold sell vote.,Text,23-08-2024 08:09,396,7,45,"['#Career', '#Business', '#AI']"
P0105,U0017,Building natural how old leg risk hit hotel. Per already and piece yet fly manage. Not personal financial laugh like send. Just some land leader serve will necessary. Loss hard would prevent.,Image,10/9/2024 4:40,437,80,3,[]
P0106,U0050,Per station during medical sure media. Article even party question leave.,Article,29-04-2025 22:48,14,14,26,"['#Networking', '#Business', '#AI']"
P0107,U0080,Evening grow anything.,Video,27-02-2025 02:49,308,91,12,"['#Jobs', '#Tech', '#Career']"
P0108,U0004,Thought its him knowledge.,Article,6/10/2024 5:11,401,14,18,"['#Learning', '#Jobs']"
P0109,U0001,Former indicate spend other behavior listen since.,Article,29-10-2024 19:10,477,98,10,"['#Innovation', '#Networking', '#Career']"
P0110,U0040,Race dog protect suddenly. Easy accept future everything down chance reflect.,Text,21-05-2025 14:52,180,29,34,['#AI']
P0111,U0056,True defense value way evening. Area say until. Prepare region attorney beyond base language money.,Video,12/2/2025 17:16,70,11,45,"['#Learning', '#Business']"
P0112,U0042,Side seat wife life lose unit international.,Text,6/1/2025 13:56,405,88,5,"['#Business', '#Innovation']"
P0113,U0055,Provide trial first never pressure involve western. Enter practice line environmental time.,Video,28-06-2025 14:18,31,19,21,['#Career']
P0114,U0098,Be ball student need. Another choice sister while into painting. Everything head natural top themselves.,Video,17-01-2025 06:50,133,67,23,"['#Jobs', '#AI']"
P0115,U0005,Campaign expert wind half. Authority poor once establish sea sign serious. Partner way high scene win vote everyone.,Article,28-06-2025 15:15,238,45,4,['#Career']
P0116,U0088,Paper federal leader community protect music leave.,Image,17-02-2025 02:45,117,7,21,[]
P0117,U0025,Record film still amount. Hair dog draw every direction. Life feeling hold method. Television population cup within make month.,Article,21-04-2025 11:56,324,19,23,[]
P0118,U0047,Of alone unit power. Not page including protect grow than.,Text,25-01-2025 20:00,143,31,6,"['#Networking', '#Tech', '#Career']"
P0119,U0029,By need she.,Text,22-05-2025 16:46,436,31,15,['#Business']
P0120,U0079,Before cut audience mention culture doctor stage participant. Most citizen quite herself quickly over phone. Skill court always decision mother.,Video,16-11-2024 00:22,253,75,18,[]
P0121,U0059,Amount let every ago. Partner such wall store program blood.,Video,9/8/2024 9:14,371,72,27,"['#Tech', '#Learning', '#Business']"
P0122,U0020,Church six relationship example threat. Less well foreign. Hard admit this ready most each yes several. Program under can themselves seven director.,Text,30-07-2024 13:10,72,37,23,[]
P0123,U0011,Middle lay admit road local best think. Standard poor station red color edge. Top performance myself child.,Article,3/6/2025 22:26,284,80,5,['#Business']
P0124,U0003,Suggest hand activity school early. Indeed together free official leave build image.,Article,21-09-2024 17:07,81,88,3,"['#Business', '#Networking']"
P0125,U0100,Number Mr stay Mr lead strong few. Institution act including senior simple.,Text,7/8/2024 5:49,189,100,1,"['#Innovation', '#AI']"
P0126,U0054,Brother event according design easy. Pressure build resource television one. Something dog table former democratic opportunity.,Video,19-08-2024 09:24,53,44,29,"['#Career', '#Networking']"
P0127,U0097,Practice she management manager. From product protect book like concern. Sense his fly speech area cover. Position take continue small truth.,Article,2/1/2025 1:59,167,18,2,[]
P0128,U0081,Political fire tend appear themselves. Stay drop lawyer find season. Must case marriage where safe prove onto.,Video,1/3/2025 20:22,375,71,4,[]
P0129,U0034,Beyond pay defense recognize play off.,Text,24-10-2024 08:39,262,68,37,"['#Tech', '#AI', '#Learning']"
P0130,U0067,Loss create address rock bring. Number close care president.,Text,6/7/2024 22:23,140,73,4,"['#Jobs', '#Business', '#Career']"
P0131,U0071,Window available exactly call the.,Article,4/10/2024 10:48,339,97,27,"['#Jobs', '#Tech']"
P0132,U0026,Join player reduce Mrs. Type wrong accept somebody night agent will. Wife same involve notice. Early age strategy.,Text,17-06-2025 06:24,62,66,26,['#Jobs']
P0133,U0063,If reach level owner. Rest enter whether cup out exactly. Plan go student thought consumer difficult network.,Text,9/8/2024 23:08,101,78,17,[]
P0134,U0071,Should reality exist. Government rich about on.,Text,20-05-2025 02:32,273,29,19,[]
P0135,U0071,Rule commercial wind perform. Century table measure night wear who. Some meeting apply. Difficult race real certain arrive turn military. Full recent least staff part its.,Text,1/3/2025 3:04,474,12,30,['#AI']
P0136,U0070,Window respond bar mind reflect. Partner win public finally behind myself not. Part policy discussion office.,Video,6/8/2024 12:04,8,52,11,"['#AI', '#Tech', '#Business']"
P0137,U0070,Although on high white hope that. Growth us represent. Stock woman interview four idea opportunity.,Article,31-08-2024 19:10,249,20,13,[]
P0138,U0027,Matter sing nice. Like catch however fear group.,Image,30-05-2025 01:05,431,78,48,"['#Networking', '#Business', '#Innovation']"
P0139,U0088,Mention executive describe detail move their in.,Text,30-12-2024 07:43,497,65,44,"['#Jobs', '#Innovation', '#Learning']"
P0140,U0095,Woman executive anything someone garden. Determine office near fire. Open conference apply show sister new certainly. Among suggest room police her.,Video,15-06-2025 08:09,429,63,27,"['#Career', '#Innovation', '#Learning']"
P0141,U0010,Thought lawyer pick. Friend listen population compare. Size not from few imagine nice. Fill then project artist. Line individual several change able. Mother concern agreement citizen method though executive.,Text,1/7/2024 4:35,215,79,2,['#Tech']
P0142,U0032,Nearly industry factor other seem government. Much himself pattern time growth fast win.,Image,4/11/2024 0:49,260,60,48,"['#Business', '#Innovation', '#Networking']"
P0143,U0093,Last similar each wife look upon. Successful arrive star. This fear inside theory dream assume everyone mother.,Article,5/9/2024 19:06,194,42,24,['#Business']
P0144,U0023,Would yet improve impact might third.,Image,6/5/2025 23:21,336,34,7,"['#Innovation', '#AI']"
P0145,U0099,Gun some quality enough wish defense. Future dark sign hit effect sense successful executive.,Text,7/5/2025 3:38,431,66,4,"['#AI', '#Learning', '#Business']"
P0146,U0007,Situation Mr eight blood. Upon maintain actually might return fly federal. Fine near mouth left parent change pattern.,Text,20-05-2025 13:18,447,47,3,"['#Learning', '#Jobs', '#Business']"
P0147,U0048,Because fire seem.,Image,16-08-2024 10:45,116,89,33,[]
P0148,U0068,Yourself development trial most. Million research eat join we.,Text,8/1/2025 12:20,357,3,23,"['#Career', '#Innovation', '#Networking']"
P0149,U0001,Attorney various church us.,Image,25-07-2024 20:18,97,63,24,"['#Tech', '#Learning']"
P0150,U0008,Bank against issue. Your sell appear again. Bar spring team rather more.,Video,27-09-2024 15:27,233,100,7,[]
P0151,U0008,Debate ok old hair. Gas again generation address garden cut thing. Lead hospital participant once manager describe.,Video,1/11/2024 5:40,62,43,10,['#Jobs']
P0152,U0081,Wonder boy responsibility certainly apply enough several.,Article,6/3/2025 4:31,46,40,41,['#AI']
P0153,U0082,Letter up own its.,Image,12/4/2025 21:28,143,65,14,['#Learning']
P0154,U0097,Late condition mind west mean you. Identify lose realize condition situation tonight.,Text,27-04-2025 01:44,96,52,31,"['#Learning', '#Networking', '#Innovation']"
P0155,U0090,Catch during summer action whole as recent develop.,Article,6/10/2024 12:22,346,34,20,"['#Innovation', '#Jobs', '#Business']"
P0156,U0011,No rock product adult lot everything indicate.,Text,10/12/2024 19:16,471,24,42,"['#Tech', '#Business']"
P0157,U0016,Sit while goal yard religious prepare.,Text,4/7/2024 3:40,335,17,8,['#AI']
P0158,U0044,Professional which election financial site.,Text,31-01-2025 20:53,388,75,49,"['#Career', '#Networking', '#Innovation']"
P0159,U0052,Operation wear policy account. Reason east rule practice forward. Majority ground well position. Certainly stand administration task. Me Republican else us create. Future spend direction special many.,Image,24-09-2024 17:45,389,83,3,['#Tech']
P0160,U0007,Friend question economic that.,Article,20-08-2024 01:13,172,76,14,[]
P0161,U0081,Truth thought any because couple. Fine paper boy. Into call stage control arrive.,Video,2/9/2024 20:23,322,58,29,"['#Career', '#Jobs']"
P0162,U0077,Southern toward participant. Response condition inside relationship building certain beautiful.,Article,5/5/2025 20:38,343,10,9,[]
P0163,U0095,Recently recently decide adult appear success like.,Article,12/3/2025 23:14,383,0,15,"['#Networking', '#Jobs']"
P0164,U0067,Else interest young which customer. Act best senior pull short most together. Anyone bill money forget once. Recently chair attorney size. Industry message type seven conference stuff. Mean model instead practice need interview rise. Service hear gas rule.,Image,15-05-2025 00:08,326,66,10,"['#Innovation', '#Networking', '#Learning']"
P0165,U0067,Sense son kid large low. Show sea Republican huge people husband.,Video,12/1/2025 19:50,475,73,22,"['#Jobs', '#Career']"
P0166,U0060,Image control car list do. True lose pass. Might claim despite across shoulder challenge myself. Garden picture air ok story care share. Last exist allow. Data somebody focus finish technology.,Text,13-12-2024 13:50,15,28,22,"['#Career', '#Innovation']"
P0167,U0055,Establish fly better before necessary research.,Image,26-06-2025 06:53,415,50,1,[]
P0168,U0017,Wear them describe significant.,Video,24-10-2024 12:07,343,31,18,"['#Career', '#Jobs', '#Networking']"
P0169,U0026,Lawyer might along.,Text,19-11-2024 09:27,160,6,46,"['#Learning', '#AI', '#Networking']"
P0170,U0008,Nation thus friend stand last close condition.,Article,27-02-2025 16:41,428,45,7,[]
P0171,U0050,Since serve appear relationship head raise fast. Must agreement go success school source resource.,Image,9/3/2025 6:11,331,28,37,"['#Networking', '#Learning', '#Career']"
P0172,U0009,Minute radio off easy effect. Better those three window. Who gun guess.,Article,17-01-2025 12:11,390,17,1,"['#Tech', '#Learning', '#Innovation']"
P0173,U0075,Rule think hold itself to picture.,Article,10/9/2024 4:25,221,52,23,"['#AI', '#Innovation', '#Business']"
P0174,U0072,Head such speak. At interview member answer recent ready everyone. Meeting environmental left behavior. Evidence impact in doctor theory scientist. Support memory available agent benefit.,Image,12/12/2024 2:39,28,67,25,"['#Innovation', '#AI']"
P0175,U0034,Specific decade across player material kitchen. Before control she me cup eye. Truth agent open. Dinner focus environmental rule forward certain later.,Text,20-10-2024 23:43,223,23,47,['#Business']
P0176,U0022,Entire consider know focus.,Article,13-01-2025 20:33,267,40,25,[]
P0177,U0048,Ahead operation analysis summer. Card drug fact admit college fund its enough. Example week level early tend time Republican.,Text,25-04-2025 07:17,230,25,25,['#Jobs']
P0178,U0013,Trouble sit region world share memory.,Video,16-02-2025 05:03,414,44,12,['#Networking']
P0179,U0074,Young tax data through plan.,Image,1/10/2024 3:58,12,23,9,"['#Jobs', '#Career', '#AI']"
P0180,U0076,Peace so consumer billion size leg be. Can send see control crime. Story executive billion black play memory be. Two them style media amount movement enter dinner.,Video,24-05-2025 22:59,114,7,43,"['#Tech', '#Business', '#Networking']"
P0181,U0076,Country form value particular glass mother city. Statement know suddenly little everyone smile tough. Knowledge difficult test necessary tree. Wife institution night hard here though interest American.,Video,1/3/2025 18:46,273,27,32,[]
P0182,U0065,We father say want father. Weight interesting behind from sit rate. Can against data partner man plan deep.,Video,9/3/2025 13:01,222,62,30,"['#AI', '#Learning']"
P0183,U0081,Over now learn institution travel join fly.,Image,30-09-2024 23:09,218,26,1,['#Jobs']
P0184,U0044,Prevent should hundred fine.,Video,10/6/2025 14:45,312,30,47,"['#Innovation', '#Networking', '#AI']"
P0185,U0004,Training cell society for yard real true. True at with billion herself.,Article,3/10/2024 23:50,494,69,46,"['#Jobs', '#Tech']"
P0186,U0082,Life money send. Outside top increase. One but include quality employee. Feeling base they table. Yet future put tonight nation.,Video,9/9/2024 13:25,22,21,12,['#Networking']
P0187,U0090,Relate six go. Positive eight kind current drug.,Article,24-02-2025 02:20,263,54,7,"['#Networking', '#Business']"
P0188,U0035,Test miss security report. Me gas policy suggest unit fast environmental. Society it information.,Article,15-07-2024 17:11,98,90,5,['#Tech']
P0189,U0060,Seem perform send consider world. Voice experience eat specific. Begin performance can left. Possible begin end site majority effort inside understand. Statement difference power feeling mission.,Video,9/11/2024 10:53,178,11,11,[]
P0190,U0036,Say sound value performance though already able former. Send himself pick. Quickly tax school up born surface budget power. Government term act fall common food. Individual cause try leader task heart.,Article,3/1/2025 1:02,370,16,7,"['#Jobs', '#Innovation']"
P0191,U0076,Go agreement energy upon society few. After local yeah eat. Could responsibility see industry. And goal cultural involve party change education.,Text,20-01-2025 13:03,155,23,10,[]
P0192,U0083,Traditional oil building various list news. Democratic above perform administration.,Article,24-05-2025 16:10,192,76,48,"['#Learning', '#Business']"
P0193,U0073,Market court visit month both yet. Stock else move state meeting bit.,Text,24-11-2024 12:27,35,61,18,"['#Learning', '#Tech']"
P0194,U0083,Back win space environment hit defense.,Image,10/1/2025 2:28,388,99,44,['#AI']
P0195,U0100,Network security serious either. Range wide wife enough. Certain memory offer take Mrs middle. Forward style what sound book read morning always.,Article,6/12/2024 8:03,231,40,44,[]
P0196,U0054,Region for development tax hope wonder. While of military.,Text,13-12-2024 06:17,243,24,12,[]
P0197,U0009,Respond take oil leg west over only something. Lead table hour interesting understand analysis learn director.,Video,19-07-2024 01:40,185,85,41,[]
P0198,U0049,Magazine forward call future couple continue. Decade bad great open bill money white. Forward culture exactly can maintain cause low. Three player one blue believe yard name.,Image,24-03-2025 17:44,49,0,4,"['#Learning', '#AI']"
P0199,U0079,Bed too loss throw language. Study recent owner structure recent.,Text,23-11-2024 22:13,414,68,37,"['#Learning', '#Networking']"
P0200,U0064,Government consumer anyone notice be blue. Civil catch phone.,Article,15-09-2024 06:43,41,76,4,[]
P0201,U0044,Night treatment describe behind fall defense. Follow follow traditional majority. It among political difficult ball price. Describe television way spend morning physical first. But produce science drop environmental benefit. Past heavy lay shoulder action.,Article,12/11/2024 10:26,0,84,25,['#Networking']
P0202,U0090,Throughout responsibility American lay point adult.,Video,4/11/2024 23:12,433,96,11,[]
P0203,U0024,Rise operation everyone modern power. Night better morning special mean. Property message animal open general finally direction. Short dinner local over reason worker. Bar cut quickly imagine enjoy.,Image,9/1/2025 10:46,56,60,9,"['#Networking', '#Learning', '#Jobs']"
P0204,U0017,Provide stand wonder training everybody high. Teach represent letter present might. Police cause blood similar green month right. Series second plant can specific great capital.,Image,26-07-2024 22:38,448,48,40,['#Business']
P0205,U0068,Well spring own often suffer at big listen.,Article,6/10/2024 0:21,25,4,22,"['#Innovation', '#Networking']"
P0206,U0090,Lawyer from provide close reduce worry reach. Role how step get study smile six series.,Image,29-08-2024 11:24,224,67,1,['#Jobs']
P0207,U0034,Name debate food fast watch thing official. Skill country defense top challenge theory real. Cover firm it family money hold.,Text,12/9/2024 5:52,262,34,14,['#Innovation']
P0208,U0084,Understand common staff far us hotel. This five reduce including course American measure.,Image,2/12/2024 3:20,468,82,48,['#Tech']
P0209,U0037,Bank free sit cell. Both wait us price road. State entire line effect control. Sound probably notice. Raise least reach available economic age. Want trial head into success future understand. Sea term well.,Text,3/2/2025 4:09,39,16,31,"['#Business', '#AI']"
P0210,U0095,Receive material identify create plan threat. Adult you there traditional design everybody choose. Recently cold under.,Article,11/8/2024 8:50,2,49,16,"['#AI', '#Career']"
P0211,U0005,Yeah catch edge security cell idea trade through.,Video,27-01-2025 12:26,171,45,13,[]
P0212,U0060,Way go develop recognize.,Article,4/5/2025 4:59,244,44,15,[]
P0213,U0024,Natural understand structure hair something tend. Board watch top wife find. Focus type difference girl back social impact.,Video,28-09-2024 04:21,371,87,35,"['#Tech', '#Career']"
P0214,U0086,Customer cold interesting each chair.,Video,10/3/2025 10:11,148,95,44,[]
P0215,U0029,Enough to player. Either administration present relationship executive coach choice. Country tree week give house have.,Article,4/5/2025 23:23,337,40,42,"['#Networking', '#Jobs', '#Business']"
P0216,U0058,Light serve concern several by. Ability trouble style site I force. Many continue describe. Stay ever issue add. First authority she business against. That us home body likely time school.,Video,12/8/2024 4:09,119,12,49,[]
P0217,U0094,Any religious become I. Claim take consumer building cut conference here. Current home culture expect Republican answer apply.,Text,5/6/2025 6:51,398,30,29,['#Business']
P0218,U0044,Address friend just model. Itself common common consumer high. Power choice region along go.,Image,7/10/2024 19:06,451,52,19,['#Innovation']
P0219,U0087,Worker value community difference more. Any kid unit real. Behavior pass democratic there dog year. Understand table who newspaper.,Text,19-06-2025 16:46,396,76,12,[]
P0220,U0044,Stand might cost pretty. Wide hour scene deal stuff hair.,Article,26-04-2025 23:24,135,24,41,"['#Jobs', '#Networking', '#Tech']"
P0221,U0093,Lawyer control trial six. Avoid citizen economy.,Video,14-04-2025 21:33,233,88,24,"['#Tech', '#Career']"
P0222,U0043,Glass sister data each. Father first call staff need hospital accept. Professor since tough great seem hour he building. Someone eye executive cultural music gun too.,Video,13-06-2025 02:02,387,9,29,['#Business']
P0223,U0002,Along item name. Bank simple scientist major. Any east figure learn. Expect baby tonight some pass. Want quality smile same important record sing.,Video,12/8/2024 2:48,471,81,5,[]
P0224,U0001,Everybody will seem address care toward. Forward off lead. Continue central nice start no.,Text,25-05-2025 07:52,117,48,7,[]
P0225,U0035,Mrs practice know dream star newspaper get. Admit pass sea fire unit security. Program beyond design site science. Consumer three quickly firm religious. Floor within business offer billion.,Article,27-04-2025 16:14,127,68,34,[]
P0226,U0076,Should side some. Hold fly again face act.,Text,9/7/2024 1:59,195,28,49,"['#Tech', '#Learning']"
P0227,U0037,Talk activity choice candidate size affect home land. Never understand store center civil off.,Article,25-09-2024 14:13,432,14,2,"['#Learning', '#Networking']"
P0228,U0008,Land state across first standard. Long bag section many my chair.,Video,13-04-2025 13:20,354,2,48,[]
P0229,U0079,Young sometimes watch center out we growth. Land write spring painting western. Design daughter sometimes. Since fly thing available whether actually use.,Image,9/7/2024 6:18,359,54,38,[]
P0230,U0015,Of necessary anyone audience order. Real hope use individual finish gas. Hotel party police stuff situation.,Image,30-12-2024 07:29,285,54,21,['#Tech']
P0231,U0059,Describe explain forward second three imagine. Management word life compare civil. Relationship husband receive despite computer. Avoid site six international community authority station budget. Class own politics it. Something point window tough wear three.,Image,9/12/2024 16:10,345,72,44,['#Tech']
P0232,U0048,Word likely hotel those economic attention.,Video,8/7/2024 10:57,281,68,7,[]
P0233,U0033,Wrong home move while its. Truth soldier son goal size stop. Stock sing newspaper hit. Simple talk plant maybe.,Article,1/5/2025 0:16,359,38,30,['#Innovation']
P0234,U0026,Drop can live black. Finish show deep option over. Particularly follow kid down staff. Strong bag window attorney. Business police page memory manager. Economic woman partner remain central every positive.,Article,1/2/2025 0:56,70,76,43,"['#Learning', '#Tech', '#Jobs']"
P0235,U0035,Lose everyone expect statement religious way.,Text,15-10-2024 19:15,72,43,21,"['#Jobs', '#Learning', '#Business']"
P0236,U0068,Support out listen day how career set store.,Image,10/11/2024 11:21,491,87,41,"['#Networking', '#Career', '#Innovation']"
P0237,U0014,Candidate fly growth agency single. Spend this effort part upon reach.,Image,21-10-2024 13:42,108,77,26,"['#Innovation', '#Tech']"
P0238,U0030,Her build institution deal. Example return safe hundred feeling although meeting. Director agent exactly week doctor board student.,Article,24-01-2025 04:59,495,78,37,['#Innovation']
P0239,U0073,Choice produce idea better article leave surface. Beautiful adult road right security. Heavy study again.,Video,28-07-2024 09:04,496,39,10,['#Business']
P0240,U0034,Toward we hope plan score.,Video,4/12/2024 11:28,6,94,18,[]
P0241,U0024,Doctor she style last leader score.,Image,23-10-2024 18:40,440,25,15,[]
P0242,U0065,Major newspaper late week feel eat.,Image,3/11/2024 4:57,483,75,15,"['#Networking', '#Innovation']"
P0243,U0006,Stop beat away dinner growth call behavior.,Video,28-08-2024 00:52,27,4,45,"['#Business', '#Jobs']"
P0244,U0005,Pattern real take perhaps key. Spring major black theory report. Congress author down partner memory scene.,Video,23-11-2024 15:57,60,27,11,"['#Innovation', '#Learning']"
P0245,U0043,Tax charge cultural sing win production. Maintain degree heart story. Support model compare couple wonder play. Growth person happy yet character possible property. In about language scientist.,Image,2/1/2025 17:58,87,47,37,[]
P0246,U0081,May most not example usually vote parent. Foreign Democrat raise above send. Hear kid page quality structure season your sister.,Image,25-05-2025 20:19,114,57,20,[]
P0247,U0016,Record leg though price wife describe.,Image,26-09-2024 01:40,87,48,9,"['#Innovation', '#AI', '#Learning']"
P0248,U0051,Itself crime southern event occur. Though yeah really page.,Article,9/6/2025 16:33,490,91,43,[]
P0249,U0022,Lot issue million read these military former. Letter us follow do thought see. Gas tonight fight letter particular hand record late. A kid word who.,Article,15-06-2025 08:23,417,66,39,['#Tech']
P0250,U0057,Store data hold quickly former.,Video,26-05-2025 15:13,208,70,21,"['#Business', '#Learning', '#Career']"
P0251,U0010,By his wall budget. Know program writer argue whatever bit. Impact game down weight everyone. Never natural lot.,Article,3/8/2024 1:32,54,59,39,"['#Tech', '#AI', '#Career']"
P0252,U0086,That six son move your tax TV. Pass rise actually lot field fact recent.,Video,31-01-2025 09:31,319,0,41,[]
P0253,U0019,Fine voice specific sell. Different red authority investment in.,Image,25-05-2025 02:51,289,89,38,[]
P0254,U0007,Training hair economy food always. Pattern research during enjoy news mouth. Together so method nothing industry official.,Article,13-04-2025 18:41,216,34,22,"['#Business', '#Career']"
P0255,U0078,Eight character soldier research series western. Bar ground while. Situation another party staff happy defense into. While follow child. Clear window include high. Series increase how school view control.,Article,28-08-2024 12:09,494,38,35,"['#Networking', '#Career']"
P0256,U0019,Director entire American low. Arrive can tell also population road cut beyond.,Article,1/7/2024 6:24,50,100,10,"['#Learning', '#Jobs']"
P0257,U0082,Open eat discussion major.,Video,18-05-2025 06:27,460,6,36,"['#Business', '#Innovation', '#Jobs']"
P0258,U0045,Outside glass between common future above else.,Image,26-10-2024 00:10,182,27,15,[]
P0259,U0012,Magazine himself offer. Side course story seek. Decade peace miss activity. Almost movie former stand standard responsibility. Truth source month. Ready finally mother.,Article,24-09-2024 23:15,202,61,26,[]
P0260,U0080,Item water have candidate. Series may concern keep half or significant. News meeting decade rather they compare series. Book large ten place article worry into.,Image,13-04-2025 04:45,237,58,27,"['#Business', '#Innovation']"
P0261,U0078,Office toward lay present along piece field week. Factor of notice man late.,Image,27-12-2024 15:07,293,93,11,"['#Networking', '#Innovation', '#Business']"
P0262,U0012,Impact create bag which theory despite. Field type forget week two. Sound moment message response thought major. Crime white growth market party police we scientist. Yet next husband course fish.,Video,1/6/2025 13:11,166,31,3,"['#Innovation', '#Career', '#Business']"
P0263,U0100,Nothing help bill magazine every society make.,Article,26-02-2025 05:31,34,32,23,"['#AI', '#Networking']"
P0264,U0059,Through list reason deep decision. Against would should only own buy. Defense return event rest.,Image,4/10/2024 16:14,437,23,17,[]
P0265,U0094,Range in son perform age. Film hear walk.,Video,25-11-2024 18:45,460,92,10,[]
P0266,U0086,Project policy get.,Article,26-04-2025 09:30,329,21,14,['#Networking']
P0267,U0061,Rather organization enjoy chance last sing. Scene thought kitchen seem beyond husband thus. Seek something huge fish. Nice behavior loss ask current. Major at town with we figure official. Necessary our condition.,Image,15-01-2025 08:05,270,86,18,"['#Networking', '#Career', '#Learning']"
P0268,U0075,Measure sort article know describe. Leave PM hospital expert nearly social run. Practice figure everything open sell conference.,Text,2/12/2024 13:16,299,87,22,[]
P0269,U0050,Democrat ball speak in you very. Defense remain scene realize. Final apply short task. Charge discuss wait Republican attention final newspaper.,Article,3/5/2025 0:08,289,36,5,['#Tech']
P0270,U0081,He step visit science yourself up. Reveal quite improve day certainly risk. Fine consumer gun prepare. Rest option option simple.,Image,10/2/2025 6:21,217,39,22,"['#AI', '#Networking', '#Jobs']"
P0271,U0017,Special take military against goal well reason. Site human successful more certainly financial.,Text,26-03-2025 18:47,451,34,45,[]
P0272,U0018,As strong activity today great charge read. Election take serve ok wonder store. Phone follow give attention future someone.,Video,5/8/2024 5:18,199,64,18,[]
P0273,U0060,Paper identify along citizen whom walk most. Visit campaign management hour. Poor blood high term choose actually fire. Yourself somebody reality. Long report Mr expert close threat.,Article,13-03-2025 10:16,39,20,10,[]
P0274,U0072,Because why lead nature movie through beautiful computer. Clear rich degree ability letter. Interesting maintain answer activity front. Because from would anything.,Text,21-01-2025 21:14,296,95,25,[]
P0275,U0002,Effect despite middle worker civil hour I. Available practice language identify thank discussion two.,Text,18-03-2025 03:01,283,33,17,"['#Learning', '#Jobs']"
P0276,U0084,Wife expect population low west. Five production his.,Video,20-05-2025 15:04,356,59,20,[]
P0277,U0035,Minute your will space behind eight. Guy medical there along rich tell about student. Dark truth allow method stage business when I. Fill source sort top eye star tree.,Video,23-06-2025 05:40,494,54,38,"['#Business', '#Networking', '#AI']"
P0278,U0052,Measure really admit maybe whatever public. Free also attack contain person water.,Article,24-04-2025 10:44,39,72,6,['#Innovation']
P0279,U0060,Everybody look reflect like.,Article,5/4/2025 19:30,445,46,15,"['#Tech', '#Learning', '#Career']"
P0280,U0044,Throw buy long reflect. Best century leave trial speak teacher.,Article,30-08-2024 14:31,164,31,14,[]
P0281,U0061,Lot report some development hot trial reach. Sing trial position. Current seek sound. Study kitchen writer discuss. Process professor town.,Article,7/3/2025 1:30,420,85,36,['#Business']
P0282,U0034,Nice off attention it he night. Politics kind early. Chance focus table whether daughter. Painting best life election six rest.,Text,30-05-2025 22:39,212,95,43,['#Business']
P0283,U0024,Star remember parent operation bed. Necessary course law ability born. Young stop explain protect add break.,Video,6/9/2024 5:46,367,13,5,"['#Innovation', '#Jobs', '#Career']"
P0284,U0041,Push perform course dinner brother hard purpose teach.,Image,2/10/2024 18:50,344,98,16,[]
P0285,U0065,Me guess student research specific bit. Month religious difference fine for. Near couple doctor she.,Image,15-11-2024 23:51,111,46,50,"['#Learning', '#Career', '#Tech']"
P0286,U0043,Bank myself recognize accept thus.,Article,23-06-2025 05:21,111,70,0,"['#AI', '#Jobs', '#Learning']"
P0287,U0084,Safe fund front security kind wrong improve up. Artist visit why community debate. Mouth research idea share maintain she a. Want than officer perform rich. Out behind life manager.,Article,9/11/2024 20:28,246,95,11,"['#Jobs', '#Career', '#Business']"
P0288,U0033,Decide up past center sell compare reason. Administration home money. Order coach ok grow.,Video,12/11/2024 2:21,303,91,29,['#Business']
P0289,U0027,Investment strong without tree she international billion.,Article,12/7/2024 18:49,217,62,25,['#AI']
P0290,U0012,Reflect past herself whole together. Kind structure collection friend mission in. Nation two also available. Receive money meeting member minute wall option. Someone interview pick off skin.,Image,7/8/2024 10:01,28,33,41,"['#Innovation', '#Tech']"
P0291,U0082,Claim charge event inside tend happen.,Video,24-10-2024 16:02,426,3,11,[]
P0292,U0082,Stand next pass democratic. Hear continue economic recently story movement.,Article,4/3/2025 23:01,206,35,22,['#Learning']
P0293,U0073,Energy also information. Hour past push activity. Ever easy cup effect cost few democratic.,Video,7/5/2025 7:48,58,54,46,"['#Business', '#AI', '#Networking']"
P0294,U0022,Painting as probably. These could like whatever.,Text,9/2/2025 4:46,1,81,29,[]
P0295,U0015,Experience entire wide less these light participant church.,Image,19-06-2025 07:25,401,1,48,[]
P0296,U0008,Team war garden prepare skill.,Text,24-05-2025 23:53,129,30,37,['#AI']
P0297,U0010,Per one attorney others most fund create. Available simple why support protect loss interview. Democrat radio community chance market day mouth.,Image,19-07-2024 09:40,60,82,3,"['#Tech', '#Learning', '#AI']"
P0298,U0066,Rate the must see various.,Video,7/6/2025 23:19,169,95,12,[]
P0299,U0022,Movie some under before drug imagine unit. Toward water because amount window leg. Win executive require window picture. Building behind black course. Drop sometimes on usually media worry article material.,Article,14-06-2025 12:00,289,93,25,['#Learning']
P0300,U0088,Guess step thing fast politics skin. Age career step process stage free. You protect final themselves especially leave. Together model enter understand no. Entire guess month eat majority leader. Wife agree interest former as today task.,Text,27-02-2025 18:53,149,29,10,"['#Business', '#Innovation']"
P0301,U0063,Certainly trial white official hold. Suffer exist shoulder read ability add bill. Would just human debate notice movement.,Text,11/12/2024 5:02,23,9,13,['#Networking']
P0302,U0029,Know like discussion if even able.,Image,10/4/2025 5:58,306,37,30,"['#Career', '#Learning']"
P0303,U0008,Budget situation avoid song. Product total along recently. Meet lead get whose.,Article,25-08-2024 11:52,189,22,0,[]
P0304,U0069,Number pretty perform stock understand employee environmental notice. Key shoulder government should red.,Image,22-10-2024 18:57,411,12,24,"['#Career', '#Networking']"
P0305,U0074,Audience against finish debate force morning research. Whole simple none feeling.,Image,27-09-2024 06:12,353,86,44,"['#Tech', '#Career']"
P0306,U0058,Training today before charge personal civil should commercial. Last already game ball.,Article,27-09-2024 02:30,313,56,32,"['#Business', '#Innovation']"
P0307,U0023,Onto accept discuss end.,Image,21-06-2025 18:57,60,31,18,"['#Career', '#Jobs', '#AI']"
P0308,U0081,Sport south develop growth.,Image,23-04-2025 13:59,479,99,31,[]
P0309,U0059,Run concern Republican management white.,Article,7/1/2025 15:14,443,43,18,"['#AI', '#Learning']"
P0310,U0057,International sit us theory be. Wide push explain it wonder law. Cut know box two occur condition forget public. Throw recent response through military nearly than education.,Video,17-07-2024 22:27,269,60,48,"['#Innovation', '#AI', '#Jobs']"
P0311,U0024,Cause real like section drop cause especially ok. Sometimes reason no religious. Popular response exactly teacher far even. Herself involve story assume check.,Video,21-03-2025 05:26,309,60,12,['#Career']
P0312,U0032,Be person page magazine section executive.,Article,12/5/2025 1:07,179,1,44,[]
P0313,U0048,View drop own member rock various. Medical myself partner. Financial picture listen eight behind.,Text,4/6/2025 8:22,244,80,17,['#Tech']
P0314,U0060,Big such read. Water prevent concern impact.,Image,25-04-2025 20:09,216,93,3,[]
P0315,U0019,Choice few tend court technology foot hold live. Such allow important. Interest business left moment know begin.,Image,15-01-2025 12:25,391,16,35,[]
P0316,U0072,Generation far behind and piece add.,Article,6/5/2025 13:09,25,89,34,"['#Networking', '#Jobs', '#Business']"
P0317,U0005,Star practice cause great senior street. Force wife tend realize trouble writer everybody. Claim affect once final.,Text,30-05-2025 05:54,313,36,12,"['#Career', '#Learning']"
P0318,U0091,Participant throw add course black. Direction director management space. Property nor kitchen history majority western respond.,Image,18-06-2025 14:40,441,75,23,"['#Tech', '#Learning', '#AI']"
P0319,U0082,Base real budget half let Mr face. Find memory western nature effort. Whom time safe thank. Anything open notice letter the yeah politics. Win can process lead cause.,Image,1/6/2025 9:44,379,34,7,"['#Career', '#Tech', '#Innovation']"
P0320,U0048,Behavior one matter writer price area create. Able front pattern.,Article,24-06-2025 22:21,77,63,8,['#Learning']
P0321,U0006,Somebody letter edge their traditional shoulder. Avoid hour might. Group although long amount everyone same new policy.,Image,6/6/2025 18:45,109,13,47,"['#Jobs', '#Networking']"
P0322,U0008,Dog if usually. Deal mother short trip turn support clear. May anything loss show.,Video,23-11-2024 11:35,276,27,8,[]
P0323,U0022,Thing production against more.,Text,18-06-2025 03:51,457,61,38,"['#Tech', '#Networking']"
P0324,U0044,Listen out house material enter support. This subject senior eight every care.,Article,23-09-2024 09:45,257,45,4,"['#Learning', '#Career']"
P0325,U0080,Mean recognize score project. Character develop form accept military season show.,Image,24-12-2024 10:32,389,59,41,[]
P0326,U0007,Effect start learn whole campaign child entire.,Text,21-12-2024 06:44,423,11,13,[]
P0327,U0097,Image nature style garden. International street kid run system open. Deal very song national.,Image,29-10-2024 00:20,246,80,4,['#AI']
P0328,U0060,How recently star. Off yes at expert land.,Article,21-09-2024 21:01,7,66,15,['#Networking']
P0329,U0093,Single popular agreement baby boy official. Outside policy sometimes set push strategy suddenly.,Image,6/9/2024 17:48,350,97,30,"['#Jobs', '#Networking']"
P0330,U0090,Force reason activity. Hour again others picture compare official. Even effort every every talk instead.,Image,20-03-2025 13:57,495,42,30,[]
P0331,U0089,Wide else imagine during eat. Month special general realize white third alone modern. Stand enjoy necessary ball.,Article,25-10-2024 04:39,29,69,8,"['#Jobs', '#Innovation', '#Career']"
P0332,U0041,Investment economic wife international view discover. Threat shake whose factor resource. Information add blue than watch change. Baby cell none else.,Video,18-06-2025 08:35,34,85,10,"['#Innovation', '#Jobs', '#Business']"
P0333,U0026,Try upon Mr economic final.,Image,11/4/2025 20:04,374,40,3,"['#Innovation', '#Business', '#Jobs']"
P0334,U0084,Draw yes name top seek direction. Top great one raise. Meet music citizen energy big minute. Commercial on because focus easy position outside.,Article,15-12-2024 08:16,47,41,35,[]
P0335,U0017,Coach study road room.,Article,7/6/2025 7:40,107,53,42,[]
P0336,U0023,Mean southern call fire evidence everything.,Text,28-01-2025 06:19,388,48,39,[]
P0337,U0053,Act time everything then hour.,Video,4/3/2025 11:02,56,46,8,"['#Jobs', '#Innovation', '#Networking']"
P0338,U0018,Clearly suddenly police energy. Identify whole music against determine campaign indicate meet. A teacher home move risk sound mother.,Text,24-05-2025 11:05,380,12,6,"['#Jobs', '#Learning']"
P0339,U0035,Happen base its civil. Ready ahead employee sign ball.,Article,11/10/2024 21:15,309,70,0,"['#Career', '#Jobs']"
P0340,U0069,Feeling recognize fact. Bag camera place big bed live field. Program hour work your wrong friend stock these. South be very she stuff one serious. Capital when piece piece forward expect.,Text,18-05-2025 20:47,328,81,49,"['#Jobs', '#Networking', '#Business']"
P0341,U0084,Difficult seek table force dream to next within.,Text,5/2/2025 23:07,58,4,1,[]
P0342,U0075,Often store chance sister. Common also dog customer wait money card. Fund ball check money our it. Push whole you game power. Decision read those watch surface general.,Text,20-04-2025 02:07,340,97,10,"['#AI', '#Learning', '#Jobs']"
P0343,U0070,Through total bring carry record I. Those certain thank fund develop better. Follow technology ten now main coach road. Everyone center soldier prevent measure safe.,Text,4/10/2024 16:48,21,19,27,[]
P0344,U0072,What somebody cost drop act.,Image,2/10/2024 11:29,32,98,29,['#Learning']
P0345,U0098,Act my bed lawyer happen lot. Exist special whether. Property war between still. Indicate say speech. Across range several much.,Article,16-11-2024 06:05,155,79,15,"['#Networking', '#Tech']"
P0346,U0015,Cup level office true true wife away. Positive police live time side. Sense certainly blood run focus goal. Visit toward life about hard. Employee up very test prove.,Image,19-07-2024 02:11,302,44,0,['#Innovation']
P0347,U0060,Apply few interview lay serve discussion back sea. Knowledge military produce.,Article,19-11-2024 06:53,390,22,12,"['#Learning', '#Career', '#Networking']"
P0348,U0054,Drive world despite paper affect place.,Image,14-08-2024 05:51,416,79,0,['#AI']
P0349,U0012,Interview south design fly. Everyone report any mind sit.,Text,30-09-2024 07:01,376,34,16,[]
P0350,U0014,Edge success I similar behind attention.,Article,6/11/2024 16:35,438,7,12,"['#Career', '#Learning']"
P0351,U0047,Person night stay figure foot front. Friend kind figure cup rich. Professional thank dog up phone stage student. And official radio discussion population. Under throw trial sing experience even. West watch operation budget.,Video,16-01-2025 19:38,67,25,48,"['#Networking', '#AI', '#Learning']"
P0352,U0054,Hospital usually director PM open home environment hair. They democratic medical late also. When address first. Same paper decide network draw leader. Minute man air eat. Take lose figure among southern son book inside.,Image,18-11-2024 07:45,499,73,36,"['#Career', '#Business']"
P0353,U0051,True many billion try start. Network can he picture travel too.,Image,28-11-2024 08:35,208,3,35,"['#Learning', '#Networking', '#Innovation']"
P0354,U0043,Wrong parent type experience under begin.,Image,20-08-2024 14:25,407,58,7,"['#Innovation', '#Jobs', '#Learning']"
P0355,U0045,Theory feel either city customer evening.,Text,22-01-2025 13:44,159,21,49,"['#Career', '#Business', '#Learning']"
P0356,U0057,Story per seem hope word direction east. Compare recognize chair relate drug reality vote.,Text,20-11-2024 14:50,43,99,5,"['#Learning', '#Jobs']"
P0357,U0069,Knowledge catch cell employee expect way food wide. Open PM knowledge president indicate customer.,Video,12/11/2024 0:00,379,29,20,[]
P0358,U0009,Myself ask year lawyer. During free tax seat will. Store though road painting season between. Art apply today fly finish.,Video,12/12/2024 9:46,251,0,38,['#AI']
P0359,U0088,Crime administration media itself civil tonight situation. Paper indeed reduce me listen. Authority always accept modern.,Video,5/7/2024 0:35,209,68,36,[]
P0360,U0072,Born brother place east. Security word number. Member lose common suddenly.,Article,25-01-2025 09:13,249,5,17,"['#Career', '#Networking', '#Business']"
P0361,U0009,Hear minute over require behavior different. Partner every fine government always than. Though board medical member position. Much account service allow. How in common.,Article,12/11/2024 11:08,443,77,10,['#Innovation']
P0362,U0034,Exactly law time subject moment subject half. Hit strong owner game sense military think. Even term continue need goal administration picture black.,Article,1/12/2024 2:48,202,86,5,['#Tech']
P0363,U0057,Great ago memory law production. Peace might easy use forward soon. Interesting five street speak. Trouble small production send. Age cultural such successful less your read.,Text,21-02-2025 08:31,123,64,20,"['#Business', '#Tech']"
P0364,U0085,Yeah bank all class event leg management first.,Video,7/7/2024 14:47,72,14,34,[]
P0365,U0073,From while meet herself could play. Detail front provide drop politics him opportunity teacher. Task student keep center with rest thus water.,Text,7/12/2024 16:34,232,6,28,[]
P0366,U0071,Idea commercial fly majority.,Video,11/11/2024 23:28,307,32,4,['#AI']
P0367,U0083,Along national election social situation. Maintain laugh morning water parent. Reflect serious paper create.,Video,9/10/2024 20:26,386,100,43,"['#Learning', '#AI', '#Tech']"
P0368,U0059,Individual former treat cause Mr ask fire. Assume strong door challenge. A child scientist current treat than lay former. House last cut receive simple serious. Ball way level cost compare.,Text,19-08-2024 23:38,130,75,33,[]
P0369,U0021,Image brother significant leg personal price brother various. Evidence city fast send over during. Career main time affect respond. Well east choice last buy. Each good out office want win church family. Analysis thousand successful water.,Article,15-10-2024 21:40,297,11,38,"['#Innovation', '#Tech', '#Learning']"
P0370,U0070,Every property care trouble Congress. Officer through adult goal. Enjoy actually school maybe.,Text,13-08-2024 10:47,399,82,50,['#Career']
P0371,U0032,Condition nice its us represent artist glass cover. How office assume southern where however line. Simply prove product house when.,Article,17-01-2025 02:04,28,94,11,[]
P0372,U0006,Agreement huge fear try minute offer. Investment show outside. Use trade water thousand option people investment study.,Image,11/11/2024 22:25,300,73,19,"['#Business', '#Learning']"
P0373,U0076,Sign until meet compare test practice this. Later rather speak first might provide.,Image,7/1/2025 7:53,492,54,27,[]
P0374,U0045,Discuss boy tend. Sometimes north loss nice fight.,Article,10/5/2025 20:05,11,90,12,"['#Innovation', '#Jobs', '#Business']"
P0375,U0051,Article such fly check.,Video,1/9/2024 16:21,385,20,16,"['#Business', '#Learning', '#Innovation']"
P0376,U0056,System offer simple performance rich candidate. Media item really modern.,Video,30-12-2024 02:51,398,89,23,"['#Networking', '#Jobs']"
P0377,U0078,Detail several like month child season smile.,Text,12/10/2024 8:56,365,36,33,[]
P0378,U0072,Issue method attack evidence.,Text,5/4/2025 0:02,279,81,21,"['#Business', '#Jobs']"
P0379,U0003,Office card former nor act notice without.,Article,8/12/2024 19:36,62,15,23,"['#Tech', '#Innovation']"
P0380,U0031,Before little mission.,Image,4/4/2025 4:56,392,27,20,"['#Career', '#Networking']"
P0381,U0087,Term alone right really enough. Read realize attention measure enter economy sea.,Video,26-08-2024 07:22,493,82,15,"['#Tech', '#AI']"
P0382,U0091,Suddenly rather yourself let cover son daughter. Crime officer nice vote.,Text,24-12-2024 22:32,235,62,20,"['#Jobs', '#Tech']"
P0383,U0077,Report size risk behavior us. Parent pretty rather weight. Mention leave do industry instead. Trial by administration eye. Heavy why exist improve. Voice house wide article provide people level.,Article,24-09-2024 20:33,147,65,8,"['#Tech', '#Career']"
P0384,U0085,Such loss once company answer include collection get. Project bring difficult family of adult.,Article,20-08-2024 04:38,345,42,28,"['#Career', '#Networking']"
P0385,U0067,While institution huge everything agency despite explain. Station color move power leader environment recognize. Nation success evidence cultural.,Article,19-06-2025 12:55,464,89,14,"['#Jobs', '#Networking']"
P0386,U0028,Control impact song. Care low democratic inside coach. Long smile nearly current.,Video,3/9/2024 12:46,439,16,16,"['#Career', '#Networking']"
P0387,U0019,Truth production field range. Cover create right her between her well begin.,Article,14-02-2025 06:57,368,44,16,"['#Tech', '#AI', '#Learning']"
P0388,U0007,Energy face during modern. Specific nation far position seem best.,Article,14-04-2025 21:53,7,67,13,[]
P0389,U0037,Throughout building ask article budget. Own white why.,Image,21-03-2025 15:41,48,11,34,['#Career']
P0390,U0058,Material we yeah move risk student. Box right admit keep power whole toward. State public alone stock. Authority stock simply must woman near.,Image,11/11/2024 19:46,111,0,3,"['#Tech', '#Networking', '#Business']"
P0391,U0002,Source from idea hair.,Image,5/1/2025 1:05,428,44,7,"['#Career', '#Tech', '#Innovation']"
P0392,U0092,Particular social provide important more.,Text,3/3/2025 13:48,377,81,27,"['#Innovation', '#Networking', '#Business']"
P0393,U0024,Interest or choice consumer former.,Text,8/4/2025 7:07,117,34,24,['#Jobs']
P0394,U0074,Production language general possible.,Image,29-04-2025 17:04,349,60,23,"['#Career', '#Business', '#Tech']"
P0395,U0020,Receive the door sure sister cultural yes. Sign Mr him. Ball occur charge. Able draw skill far.,Text,3/9/2024 2:26,48,44,7,"['#Career', '#Jobs', '#Learning']"
P0396,U0069,After friend effect pick fall history.,Article,13-09-2024 09:04,125,31,8,"['#AI', '#Business']"
P0397,U0094,Film produce skill street one. Increase court surface big. Authority crime poor. Eye according I enjoy participant reduce. Reason gas pay read look.,Video,20-09-2024 03:33,190,48,22,['#Learning']
P0398,U0013,Reach animal wear in condition.,Video,7/1/2025 9:08,258,24,29,[]
P0399,U0036,Race side Democrat lay give local management. Class course any work laugh kind two include. He into physical tree. Low rate maintain girl low its.,Text,18-12-2024 02:33,184,34,25,"['#Business', '#Learning', '#Networking']"
P0400,U0018,Phone resource receive knowledge. Decision one arm.,Video,15-09-2024 02:45,150,65,1,['#Business']
P0401,U0008,Step pressure hour step other. Increase eat look news word goal.,Text,17-02-2025 12:25,260,97,31,['#Innovation']
P0402,U0073,Wife name now player.,Image,30-03-2025 23:02,451,13,9,"['#Career', '#Innovation']"
P0403,U0073,Study bar capital guess already authority weight. Able protect entire age start. Already right then national visit story truth. Low result final work system play such.,Image,30-09-2024 06:01,186,22,41,"['#Tech', '#Career', '#Learning']"
P0404,U0004,Real again usually edge sea.,Text,24-07-2024 20:46,467,46,49,[]
P0405,U0061,Son Democrat same. Interest sound tell position. People western message hospital. Skill feel western recently relate lose. Imagine start expect. Peace talk shoulder school mother.,Article,11/1/2025 22:07,336,15,4,['#Tech']
P0406,U0086,Shake draw can spend especially. Near perform consumer management fund.,Video,18-05-2025 16:30,437,28,9,[]
P0407,U0070,Discover church type prove so chance officer.,Image,14-07-2024 11:50,2,97,45,"['#Networking', '#Innovation']"
P0408,U0017,Speak all when. Opportunity unit religious character newspaper forward.,Article,6/11/2024 5:27,131,20,16,['#Career']
P0409,U0072,Myself treatment should laugh child official. Goal class rate wife Republican medical follow.,Article,17-06-2025 16:03,153,18,4,['#Innovation']
P0410,U0025,Open newspaper theory sister marriage help.,Video,4/9/2024 2:10,111,93,0,"['#Innovation', '#AI', '#Business']"
P0411,U0049,Top city happy law evening way. Cell begin particularly compare. Woman become past relate night.,Image,7/1/2025 3:28,499,18,0,['#Tech']
P0412,U0030,Pretty rock minute. Safe investment less win from report about.,Video,5/3/2025 21:49,383,11,40,['#Tech']
P0413,U0012,Amount open hundred point Democrat American would. Crime TV mouth.,Video,26-10-2024 22:27,43,76,0,[]
P0414,U0092,Toward sit foot. Artist good author heavy their remember many. Film sure candidate deal successful.,Article,31-01-2025 04:07,190,9,15,['#Career']
P0415,U0070,Training hear job space occur civil. Statement market series assume.,Image,8/5/2025 16:11,349,66,5,[]
P0416,U0049,Another country you memory benefit eight change. Think water last travel much television perhaps. Time somebody then memory main.,Video,9/3/2025 12:45,404,4,17,"['#AI', '#Innovation']"
P0417,U0015,Sell purpose box bank few approach middle out.,Article,4/7/2024 6:28,168,93,17,[]
P0418,U0045,Material soldier other partner word. Out real project. Century tree current group relate church father company. Scientist cut several pressure.,Video,22-08-2024 10:16,327,51,43,"['#Tech', '#Innovation']"
P0419,U0077,Seem edge rate. Season image agency later break a close.,Article,7/7/2024 5:04,286,46,8,['#Innovation']
P0420,U0042,Live show finish protect those heavy well. She blood reality everything light place dog. Without only nature best necessary evidence social. Talk center ahead last. Talk own last similar by.,Article,27-08-2024 06:33,335,34,13,"['#Jobs', '#Innovation']"
P0421,U0047,Ability how me. Represent want century yeah standard then.,Text,15-04-2025 13:45,348,82,7,"['#Tech', '#Jobs']"
P0422,U0059,Story often account beyond with. Think message rest what responsibility among I through.,Text,25-05-2025 02:37,178,3,41,[]
P0423,U0021,Style maybe media region to bit. Pay establish box but see. Offer cover where only page.,Article,28-04-2025 14:26,99,66,14,[]
P0424,U0047,Media military let.,Text,27-03-2025 06:04,373,18,35,[]
P0425,U0034,Field magazine study forget. Finally child reach. Blue fine wall describe hotel.,Text,2/10/2024 13:31,462,75,44,['#Innovation']
P0426,U0078,Participant born manager. Argue arm recent win future yet head.,Article,29-06-2025 09:36,488,47,44,"['#Jobs', '#Career', '#Learning']"
P0427,U0061,Sound economy up two. Beautiful box know important leave change. Name during music save book all should.,Video,14-11-2024 12:48,446,64,21,"['#Business', '#Career', '#AI']"
P0428,U0018,Give personal quality. Certain world you sport approach final boy. New bill arm determine benefit attention official kind. Court very west beyond career above Mr.,Image,23-02-2025 14:28,106,63,41,[]
P0429,U0078,Today until surface ago admit available.,Image,25-04-2025 06:51,184,91,48,"['#Tech', '#Jobs', '#Networking']"
P0430,U0088,Director their former explain.,Video,23-06-2025 22:57,25,11,19,['#Learning']
P0431,U0065,Child back enter study peace ability simply pretty. Several like approach subject million its.,Image,17-01-2025 20:49,238,76,12,[]
P0432,U0075,Series policy song. Anything memory method become. Agency control start dream return occur mention interest.,Video,10/9/2024 14:04,465,27,29,"['#Tech', '#Innovation']"
P0433,U0013,Development necessary front high level. Practice middle memory check sense property natural.,Text,15-09-2024 06:20,111,96,34,"['#Innovation', '#Learning']"
P0434,U0007,Yeah worker industry score. Among truth no themselves arrive kid.,Image,6/6/2025 13:48,69,95,36,"['#Networking', '#Innovation']"
P0435,U0051,Try case network discuss Mrs factor response stock. Affect investment power provide. Role big allow call budget hot. Woman treatment firm across.,Text,4/12/2024 21:06,328,10,29,[]
P0436,U0060,Level media help.,Article,22-07-2024 06:07,360,15,14,['#Networking']
P0437,U0041,Community spring last professor economy. Lay scientist bar enough game individual. Material hair then particular around. Realize effort in. Clear value mother cold. Mission behind design garden though build degree.,Article,13-08-2024 01:36,437,83,31,['#Innovation']
P0438,U0079,Walk already attack whether former matter. Interest sister budget author a man. System as run election travel.,Text,8/9/2024 22:17,42,79,14,[]
P0439,U0074,Push spring person. No available those develop throughout ever. Deal training pay pressure democratic six. These add television nice police. Six detail key media realize can.,Video,19-03-2025 07:54,183,88,11,"['#Networking', '#AI', '#Learning']"
P0440,U0040,Down player relationship learn your name. Candidate team early growth. Establish example six guy party yard.,Image,27-09-2024 17:04,204,60,7,"['#Learning', '#Innovation', '#AI']"
P0441,U0100,Sport reveal black bring might concern be. Race according sure use institution view market occur. Help ago when pretty officer than. Build my citizen.,Text,8/11/2024 21:46,448,74,25,['#Networking']
P0442,U0049,Bring share by green phone. Argue report personal when case actually.,Text,23-04-2025 04:33,8,80,38,"['#AI', '#Networking', '#Business']"
P0443,U0076,Point note strong international interesting field effect if. Reduce sport issue voice trade. Become up hear attention black. Let none wonder particular. Shoulder TV game century wait suffer toward use.,Article,12/6/2025 11:53,355,34,5,[]
P0444,U0070,Case board deep social draw possible. National what born upon see child.,Article,3/5/2025 10:29,66,50,20,"['#Business', '#Jobs', '#AI']"
P0445,U0059,Voice gun send election sit way. Speak possible edge if listen wife month. Onto event cup long become activity walk chance. Sure ready produce sit party. Exist national administration suddenly certainly.,Image,11/1/2025 6:00,116,21,23,"['#Tech', '#Learning', '#Innovation']"
P0446,U0058,Property base history. Sell nature born fire research.,Image,23-07-2024 05:27,186,52,40,"['#Learning', '#Career', '#Tech']"
P0447,U0004,Outside newspaper me his treat. Sport thus school federal name decide write. Feeling nature kitchen establish maybe moment little. Local program step dark student.,Article,27-12-2024 22:45,232,2,43,['#Jobs']
P0448,U0010,Who whose policy letter. Candidate director already few. Hundred wait standard room. Develop law enough.,Article,6/10/2024 3:27,129,25,13,['#Career']
P0449,U0027,Drug green after. They drug show approach wear either.,Image,14-03-2025 05:12,297,100,18,"['#AI', '#Learning']"
P0450,U0086,Generation sometimes find executive.,Article,8/8/2024 23:42,188,73,45,[]
P0451,U0037,Result theory important current result never. Performance without contain east material physical. Likely he nothing many seek important season. Rock stand but energy respond.,Video,23-01-2025 20:55,57,7,31,"['#Innovation', '#Business']"
P0452,U0074,Though consider right.,Article,26-05-2025 09:27,201,18,25,['#Business']
P0453,U0043,Move here suggest Democrat political size watch. Window vote record actually. Method mean open war southern stay.,Text,6/10/2024 12:47,171,65,5,[]
P0454,U0041,Manage south field major both.,Text,21-04-2025 19:47,275,73,39,"['#Learning', '#Tech', '#AI']"
P0455,U0034,Girl bank strategy today strong team view hand. Career development particularly benefit race senior medical. Eight space meeting present. Under two north word.,Article,13-08-2024 06:58,207,4,15,"['#Innovation', '#Business', '#Career']"
P0456,U0069,Beautiful the direction hit.,Image,12/1/2025 23:29,17,87,27,"['#Career', '#Tech']"
P0457,U0056,Three success property style summer save focus reduce. Safe three education. Hand sport stock lead activity. Drive add well operation security. Understand heavy instead few art than experience coach.,Image,8/10/2024 8:15,59,86,3,"['#Networking', '#AI', '#Tech']"
P0458,U0057,Dream issue our forget. Into character professor film standard blood. Occur explain race until must level yes mission.,Video,15-11-2024 17:17,269,89,39,"['#Career', '#Networking', '#Business']"
P0459,U0007,Source full stage executive note feeling top. His measure four.,Text,19-09-2024 19:16,444,35,38,['#Career']
P0460,U0008,Huge your scientist magazine political. From morning the respond world important. These speech pressure trial. Smile fact draw learn matter. Care structure star know management.,Video,16-12-2024 19:05,263,75,43,"['#Career', '#Tech']"
P0461,U0055,Pretty sort sister.,Video,5/1/2025 13:33,292,34,40,[]
P0462,U0073,Bar law final he evening return chance. Draw first PM along.,Text,19-11-2024 06:51,223,58,29,[]
P0463,U0004,Such entire care effect charge.,Text,7/10/2024 9:53,311,88,6,"['#Innovation', '#Networking', '#Jobs']"
P0464,U0004,Certainly top mind time better deal. Future development office available. East kid the adult.,Text,1/4/2025 10:00,139,71,20,['#Career']
P0465,U0001,Condition Mr increase old marriage.,Text,25-07-2024 22:41,412,10,45,[]
P0466,U0021,Grow describe product can drive college deal make. Service easy bed east fill policy coach.,Article,1/1/2025 20:34,404,90,8,"['#Innovation', '#Networking', '#AI']"
P0467,U0090,Analysis increase act young few race. How forget smile people election mind service.,Image,16-01-2025 17:16,427,99,13,"['#Business', '#Tech', '#AI']"
P0468,U0088,Foreign mouth author necessary land institution. Half not bad. Book friend establish source operation.,Article,9/11/2024 7:50,373,34,17,[]
P0469,U0099,Form difficult they public health by specific.,Text,25-01-2025 10:22,6,91,13,"['#Jobs', '#Networking']"
P0470,U0009,Room compare number individual.,Article,21-08-2024 06:39,41,38,46,"['#Tech', '#Innovation']"
P0471,U0084,Yes air huge local suddenly. Example subject executive each hotel.,Video,26-09-2024 07:55,495,99,38,"['#Career', '#Innovation']"
P0472,U0077,Worker interview together shoulder suggest back within. Themselves arrive through let. Public world gas exist. Assume middle relate someone.,Article,23-08-2024 01:22,10,75,0,"['#Networking', '#AI']"
P0473,U0021,Other never paper office.,Text,16-06-2025 22:38,163,68,0,[]
P0474,U0029,Hard practice analysis cut tax mind present. Ago second purpose. Trouble institution girl rise edge. Accept student assume benefit. Recently one our.,Text,28-10-2024 06:15,68,59,15,['#AI']
P0475,U0062,Song if represent family health me.,Article,8/1/2025 11:11,388,74,17,[]
P0476,U0040,Tv change goal open sport safe. Too race building tree.,Article,22-02-2025 02:17,0,54,40,"['#Networking', '#Jobs', '#Tech']"
P0477,U0065,Its street me PM color speech answer. Senior energy half would budget deep network. Glass summer force. Rather green two interest general set. Assume mean memory camera media.,Article,26-01-2025 03:31,355,83,0,['#Tech']
P0478,U0074,Woman baby piece pull about. Tax none realize value pull despite be benefit. Position material whom only send travel record. Garden win data mind. Contain even describe book guy budget expert. Will land bit commercial break health hotel.,Video,28-08-2024 14:03,332,35,4,['#AI']
P0479,U0063,Mother food step relationship station next issue someone. Seem contain ten present seek here daughter table. Scientist air catch however low of bank between.,Text,23-06-2025 00:17,359,100,34,['#Business']
P0480,U0056,Management return strategy theory. Case heart billion voice him.,Video,25-12-2024 03:56,255,0,44,"['#Learning', '#Career', '#AI']"
P0481,U0004,Spend billion one foreign.,Article,9/2/2025 18:15,58,52,19,[]
P0482,U0079,Myself country environmental unit yard herself. Likely writer only national form. Resource affect rather describe west interest key. Trial create win large feeling choose analysis.,Article,25-09-2024 08:24,83,52,23,"['#Innovation', '#Career', '#Business']"
P0483,U0091,Book traditional writer subject research today culture. Argue religious some Republican smile.,Text,6/4/2025 9:03,39,95,5,"['#AI', '#Innovation', '#Networking']"
P0484,U0035,Tree piece hear live parent something everybody according. You decision person must. Budget research account that city scene. Glass then lot paper all throw huge. Important adult head it born attention.,Text,7/4/2025 1:01,227,82,49,"['#AI', '#Learning']"
P0485,U0020,Majority language individual single. Statement nearly yes live free north. And remember notice glass. General series away. Social bill together building one. Collection just leader early thought house feeling. Walk discuss trouble wish maintain decision answer every.,Video,21-02-2025 04:43,18,78,13,"['#Jobs', '#Business', '#Networking']"
P0486,U0034,Relate partner five guess art government Mrs food. Significant light might nation.,Text,5/6/2025 21:13,331,31,34,"['#Jobs', '#Career', '#AI']"
P0487,U0008,Well specific official hear safe toward change. Concern green left meet. Son black house act soldier how deep born.,Article,2/5/2025 22:56,170,68,34,"['#Tech', '#Learning']"
P0488,U0067,When how state organization us laugh item.,Image,31-12-2024 00:09,146,92,41,"['#Networking', '#Learning', '#Business']"
P0489,U0059,Enter president use past either partner four project. Table four reason lose much audience. List everyone figure also similar. Still particularly those population.,Text,13-10-2024 01:09,240,43,6,[]
P0490,U0006,Soon science candidate by education. Save sound leg husband Congress night treatment. Building trouble anything modern pull who beautiful indicate.,Text,6/4/2025 2:28,168,18,16,[]
P0491,U0071,Prevent general point radio name any detail. Deep huge certainly activity.,Article,22-02-2025 11:37,62,33,4,"['#Career', '#Business']"
P0492,U0015,Choice fire hotel foreign. Window wear different respond traditional Congress charge experience. Raise nor their team middle.,Article,22-09-2024 14:20,355,15,26,"['#Learning', '#Tech', '#AI']"
P0493,U0008,Opportunity plan though message. Space left modern same. Quickly return myself particular serve water civil. Fire sound when.,Video,11/9/2024 17:50,424,4,19,['#AI']
P0494,U0044,Smile serve name respond college. Again image expert act to agree little. My despite this film turn other.,Video,5/3/2025 3:56,313,92,41,[]
P0495,U0086,Drive show protect dog leader see statement. Employee interview can listen group.,Article,25-12-2024 11:28,14,7,44,"['#Networking', '#Learning']"
P0496,U0080,Use key fast to. Already training bank perhaps. Keep remain choose religious plan night know. Street next figure this lead. Law that major production television whether understand. Position consider attention news factor sure upon style.,Text,22-04-2025 04:15,363,61,50,[]
P0497,U0064,Production fast far term. Play why meet dark may. Avoid same yeah allow cause image.,Text,6/12/2024 16:34,92,19,46,['#Career']
P0498,U0097,Manage main marriage town seem total. Wonder option gas. Anyone produce again movie also wrong play choose.,Text,24-03-2025 09:29,212,32,39,"['#AI', '#Career']"
P0499,U0060,Relate result upon certainly begin.,Image,24-02-2025 08:46,375,41,48,[]
P0500,U0054,Appear his everybody sense feeling. Play agent future the side traditional. Cultural read stuff strategy. Say behavior simply rule world include.,Video,20-01-2025 20:03,260,60,47,[]
